video_frame,video_seconds,source_row,source_snapshot_index,offset_M,camera_azimuth_A_deg,chapter
0,0.0,0,0,0.0,-58.0,evolution
1,0.05,3,3,0.013459358577165403,-58.0,evolution
2,0.1,7,7,0.0304963557919109,-58.0,evolution
3,0.15,12,12,0.048649350196228625,-58.0,evolution
4,0.2,17,17,0.06564586358945235,-58.0,evolution
5,0.25,22,22,0.08277413406131018,-58.0,evolution
6,0.3,26,26,0.09668310644019584,-58.0,evolution
7,0.35,31,31,0.11378554443263056,-58.0,evolution
8,0.4,36,36,0.13088393460566294,-58.0,evolution
9,0.45,41,41,0.14798496600997169,-58.0,evolution
10,0.5,46,46,0.16509149910234555,-58.0,evolution
11,0.55,50,50,0.1788678422990415,-58.0,evolution
12,0.6,55,55,0.19600468861790432,-58.0,evolution
13,0.65,60,60,0.21314040686365843,-58.0,evolution
14,0.7,65,65,0.23025447556710787,-58.0,evolution
15,0.75,70,70,0.24734767622794607,-58.0,evolution
16,0.8,75,75,0.26471733940888953,-58.0,evolution
17,0.85,79,79,0.27809383382327724,-58.0,evolution
18,0.9,84,84,0.29475096432497594,-58.0,evolution
19,0.95,90,90,0.31445969630203763,-58.0,evolution
20,1.0,94,94,0.33068229563468776,-58.0,evolution
21,1.05,98,98,0.34619751533773524,-58.0,evolution
22,1.1,102,102,0.3614637978007522,-58.0,evolution
23,1.15,107,107,0.38059872652411286,-58.0,evolution
24,1.2,111,111,0.3959208610135647,-58.0,evolution
25,1.25,115,115,0.4112844779392617,-58.0,evolution
26,1.3,121,121,0.4304564218687119,-58.0,evolution
27,1.35,126,126,0.44593893869887324,-58.0,evolution
28,1.4,131,131,0.4614214555290346,-58.0,evolution
29,1.45,136,136,0.4769039723591959,-58.0,evolution
30,1.5,142,142,0.4962086243581325,-58.0,evolution
31,1.55,147,147,0.5116212496736807,-58.0,evolution
32,1.6,152,152,0.5270525985711174,-58.0,evolution
33,1.65,158,158,0.5455947488344464,-58.0,evolution
34,1.7,163,163,0.5606731730294996,-58.0,evolution
35,1.75,169,169,0.5783607492480769,-58.0,evolution
36,1.8,175,175,0.5960503844398772,-58.0,evolution
37,1.85,180,180,0.6109095079900726,-58.0,evolution
38,1.9,186,186,0.628354172093168,-58.0,evolution
39,1.95,191,191,0.6432236203309003,-58.0,evolution
40,2.0,197,197,0.6615300930257035,-58.0,evolution
41,2.05,202,202,0.6763710918899051,-58.0,evolution
42,2.1,208,208,0.6937912700796005,-58.0,evolution
43,2.15,214,214,0.7107288085958317,-58.0,evolution
44,2.2,220,220,0.7273671803800426,-58.0,evolution
45,2.25,226,226,0.7438000907486639,-58.0,evolution
46,2.3,232,232,0.7610721066794213,-58.0,evolution
47,2.35,238,238,0.7778195073738061,-58.0,evolution
48,2.4,244,244,0.7945478701481079,-58.0,evolution
49,2.45,250,250,0.8112495570353531,-58.0,evolution
50,2.5,256,256,0.8277699615978236,-58.0,evolution
51,2.55,261,261,0.8417649400730625,-58.0,evolution
52,2.6,269,269,0.8606093421722107,-58.0,evolution
53,2.65,276,276,0.8774631322789901,-58.0,evolution
54,2.7,283,283,0.8935476237279545,-58.0,evolution
55,2.75,290,290,0.9098577963682146,-58.0,evolution
56,2.8,297,297,0.9257348109222221,-58.0,evolution
57,2.85,304,304,0.9426997009309162,-58.0,evolution
58,2.9,311,311,0.9589738496329119,-58.0,evolution
59,2.95,318,318,0.9755932769512583,-58.0,evolution
60,3.0,325,325,0.9916608662915678,-58.0,evolution
61,3.05,333,333,1.009424815175862,-58.0,evolution
62,3.1,340,340,1.0255075523923551,-58.0,evolution
63,3.15,348,348,1.043175693404919,-58.0,evolution
64,3.2,356,356,1.059852330583908,-58.0,evolution
65,3.25,363,363,1.0742468647949863,-58.0,evolution
66,3.3,371,371,1.0914237166207386,-58.0,evolution
67,3.35,379,379,1.108307179678377,-58.0,evolution
68,3.4,387,387,1.124257665238929,-58.0,evolution
69,3.45,395,395,1.1406210376790114,-58.0,evolution
70,3.5,404,404,1.1581136571448951,-58.0,evolution
71,3.55,412,412,1.1738411674923555,-58.0,evolution
72,3.6,421,421,1.1915653505411683,-58.0,evolution
73,3.65,429,429,1.206718729520162,-58.0,evolution
74,3.7,437,437,1.2235134055199524,-58.0,evolution
75,3.75,445,445,1.2419564481624548,-58.0,evolution
76,3.8,451,451,1.256755650775176,-58.0,evolution
77,3.85,458,458,1.2730147823845073,-58.0,evolution
78,3.9,465,465,1.2889400730182388,-58.0,evolution
79,3.95,473,473,1.3080194564818157,-58.0,evolution
80,4.0,480,480,1.3241777916600768,-58.0,evolution
81,4.05,488,488,1.3399076434884591,-58.0,evolution
82,4.1,497,497,1.3577900155473799,-58.0,evolution
83,4.15,505,505,1.373211642086062,-58.0,evolution
84,4.2,514,514,1.3900994908958637,-58.0,evolution
85,4.25,523,523,1.4063581457494365,-58.0,evolution
86,4.3,533,533,1.423832422808573,-58.0,evolution
87,4.35,541,541,1.4402214418682888,-58.0,evolution
88,4.4,549,549,1.455101610789825,-58.0,evolution
89,4.45,558,558,1.4725401864316154,-58.0,evolution
90,4.5,567,567,1.4894017207234356,-58.0,evolution
91,4.55,576,576,1.5061033727038193,-58.0,evolution
92,4.6,585,585,1.5224725137350106,-58.0,evolution
93,4.65,594,594,1.5386246018701968,-58.0,evolution
94,4.7,603,603,1.5554451295533909,-58.0,evolution
95,4.75,612,612,1.5720616902140137,-58.0,evolution
96,4.8,621,621,1.5886127409703477,-58.0,evolution
97,4.85,630,630,1.6052571617524336,-58.0,evolution
98,4.9,639,639,1.6215795338316639,-58.0,evolution
99,4.95,648,648,1.6384237146862688,-58.0,evolution
100,5.0,657,657,1.6550990855539567,-58.0,evolution
101,5.05,666,666,1.6717534664239793,-58.0,evolution
102,5.1,675,675,1.6883528939611097,-58.0,evolution
103,5.15,684,684,1.704534465793131,-58.0,evolution
104,5.2,693,693,1.72139675444987,-58.0,evolution
105,5.25,702,702,1.7380809712622067,-58.0,evolution
106,5.3,712,712,1.7552951479715375,-58.0,evolution
107,5.35,724,724,1.7709857881827702,-58.0,evolution
108,5.4,737,737,1.787489397754598,-58.0,evolution
109,5.45,750,750,1.8050017740420117,-58.0,evolution
110,5.5,762,762,1.8212810682971394,-58.0,evolution
111,5.55,774,774,1.8367979810363977,-58.0,evolution
112,5.6,787,787,1.853505498814684,-58.0,evolution
113,5.65,801,801,1.8704030836352104,-58.0,evolution
114,5.7,814,814,1.8874414381971292,-58.0,evolution
115,5.75,827,827,1.9037567187197055,-58.0,evolution
116,5.8,840,840,1.9205780641468664,-58.0,evolution
117,5.85,853,853,1.936561249902752,-58.0,evolution
118,5.9,866,866,1.95316729733986,-58.0,evolution
119,5.95,879,879,1.9696750742850782,-58.0,evolution
120,6.0,893,893,1.9871160558163865,-58.0,evolution
121,6.05,905,905,2.0024857192238414,-58.0,evolution
122,6.1,918,918,2.0196204851536095,-58.0,evolution
123,6.15,931,931,2.036337084938168,-58.0,evolution
124,6.2,944,944,2.0530361676446773,-58.0,evolution
125,6.25,957,957,2.069398836275923,-58.0,evolution
126,6.3,970,970,2.0857627165723898,-58.0,evolution
127,6.35,998,998,2.1029413376231787,-58.0,evolution
128,6.4,1026,1026,2.1192386117913884,-58.0,evolution
129,6.45,1055,1055,2.13574881616978,-58.0,evolution
130,6.5,1085,1085,2.1523697376769633,-58.0,evolution
131,6.55,1114,1114,2.1690914649789192,-58.0,evolution
132,6.6,1144,1144,2.1857799011659154,-58.0,evolution
133,6.65,1173,1173,2.20232172822125,-58.0,evolution
134,6.7,1203,1203,2.2188799083137383,-58.0,evolution
135,6.75,1262,1262,2.2355667939928026,-58.0,evolution
136,6.8,1323,1323,2.2521701927425966,-58.0,evolution
137,6.85,1378,1378,2.267255193483379,-58.0,evolution
138,6.9,1378,1378,2.267255193483379,-58.0,evolution
139,6.95,1379,1379,2.297255193483579,-58.0,evolution
140,7.0,1379,1379,2.297255193483579,-58.0,evolution
141,7.05,1380,1380,2.3269549005144654,-58.0,evolution
142,7.1,1380,1380,2.3269549005144654,-58.0,evolution
143,7.15,1381,1381,2.3563575189227777,-58.0,evolution
144,7.2,1381,1381,2.3563575189227777,-58.0,evolution
145,7.25,1382,1382,2.3854662530538917,-58.0,evolution
146,7.3,1383,1383,2.4142838494890384,-58.0,evolution
147,7.35,1383,1383,2.4142838494890384,-58.0,evolution
148,7.4,1384,1384,2.44310144592464,-58.0,evolution
149,7.45,1384,1384,2.44310144592464,-58.0,evolution
150,7.5,1385,1385,2.4719190423602413,-58.0,evolution
151,7.55,1385,1385,2.4719190423602413,-58.0,evolution
152,7.6,1386,1386,2.5007366387958427,-58.0,evolution
153,7.65,1387,1387,2.529554235231444,-58.0,evolution
154,7.7,1387,1387,2.529554235231444,-58.0,evolution
155,7.75,1388,1388,2.5583718316670456,-58.0,evolution
156,7.8,1388,1388,2.5583718316670456,-58.0,evolution
157,7.85,1389,1389,2.587189428102647,-58.0,evolution
158,7.9,1390,1390,2.6160070245382485,-58.0,evolution
159,7.95,1390,1390,2.6160070245382485,-58.0,evolution
160,8.0,1391,1391,2.644824620973395,-58.0,evolution
161,8.05,1391,1391,2.644824620973395,-58.0,evolution
162,8.1,1392,1392,2.6733542840597693,-58.0,evolution
163,8.15,1392,1392,2.6733542840597693,-58.0,evolution
164,8.2,1393,1393,2.7015983026144568,-58.0,evolution
165,8.25,1394,1394,2.729559880983288,-58.0,evolution
166,8.3,1394,1394,2.729559880983288,-58.0,evolution
167,8.35,1395,1395,2.7572417657488586,-58.0,evolution
168,8.4,1395,1395,2.7572417657488586,-58.0,evolution
169,8.45,1396,1396,2.784923650514429,-58.0,evolution
170,8.5,1397,1397,2.812605535280454,-58.0,evolution
171,8.55,1397,1397,2.812605535280454,-58.0,evolution
172,8.6,1398,1398,2.8402874200460246,-58.0,evolution
173,8.65,1398,1398,2.8402874200460246,-58.0,evolution
174,8.7,1399,1399,2.867969304811595,-58.0,evolution
175,8.75,1400,1400,2.8956511895771655,-58.0,evolution
176,8.8,1400,1400,2.8956511895771655,-58.0,evolution
177,8.85,1401,1401,2.923333074342736,-58.0,evolution
178,8.9,1401,1401,2.923333074342736,-58.0,evolution
179,8.95,1402,1402,2.9510149591083064,-58.0,evolution
180,9.0,1403,1403,2.978696843873877,-58.0,evolution
181,9.05,1403,1403,2.978696843873877,-58.0,evolution
182,9.1,1404,1404,3.006378728639447,-58.0,evolution
183,9.15,1404,1404,3.006378728639447,-58.0,evolution
184,9.2,1405,1405,3.0340606134054724,-58.0,evolution
185,9.25,1406,1406,3.061742498171043,-58.0,evolution
186,9.3,1406,1406,3.061742498171043,-58.0,evolution
187,9.35,1407,1407,3.0894243829366133,-58.0,evolution
188,9.4,1407,1407,3.0894243829366133,-58.0,evolution
189,9.45,1408,1408,3.1171062677021837,-58.0,evolution
190,9.5,1409,1409,3.1450650994893294,-58.0,evolution
191,9.55,1409,1409,3.1450650994893294,-58.0,evolution
192,9.6,1410,1410,3.173303624879736,-58.0,evolution
193,9.65,1410,1410,3.173303624879736,-58.0,evolution
194,9.7,1411,1411,3.201824590455999,-58.0,evolution
195,9.75,1411,1411,3.201824590455999,-58.0,evolution
196,9.8,1412,1412,3.2306307427998036,-58.0,evolution
197,9.85,1413,1413,3.2597248284932903,-58.0,evolution
198,9.9,1413,1413,3.2597248284932903,-58.0,evolution
199,9.95,1414,1414,3.289110051881835,-58.0,evolution
200,10.0,1414,1414,3.289110051881835,-58.0,evolution
201,10.05,1415,1415,3.3187891595480323,-58.0,evolution
202,10.1,1415,1415,3.3187891595480323,-58.0,evolution
203,10.15,1416,1416,3.3487648980731137,-58.0,evolution
204,10.2,1416,1416,3.3487648980731137,-58.0,evolution
205,10.25,1417,1417,3.379040471803819,-58.0,evolution
206,10.3,1418,1418,3.409618627321379,-58.0,evolution
207,10.35,1418,1418,3.409618627321379,-58.0,evolution
208,10.4,1419,1419,3.440502568971624,-58.0,evolution
209,10.45,1419,1419,3.440502568971624,-58.0,evolution
210,10.5,1420,1420,3.4716955011003847,-58.0,evolution
211,10.55,1420,1420,3.4716955011003847,-58.0,evolution
212,10.6,1421,1421,3.5032001702898015,-58.0,evolution
213,10.65,1421,1421,3.5032001702898015,-58.0,evolution
214,10.7,1422,1422,3.5350202386493947,-58.0,evolution
215,10.75,1422,1422,3.5350202386493947,-58.0,evolution
216,10.8,1423,1423,3.56715845276085,-58.0,evolution
217,10.85,1423,1423,3.56715845276085,-58.0,evolution
218,10.9,1424,1424,3.5996180169695435,-58.0,evolution
219,10.95,1424,1424,3.5996180169695435,-58.0,evolution
220,11.0,1425,1425,3.6324021356222147,-58.0,evolution
221,11.05,1425,1425,3.6324021356222147,-58.0,evolution
222,11.1,1426,1426,3.66551401306333,-58.0,evolution
223,11.15,1426,1426,3.66551401306333,-58.0,evolution
224,11.2,1427,1427,3.698956853639629,-58.0,evolution
225,11.25,1427,1427,3.698956853639629,-58.0,evolution
226,11.3,1428,1428,3.7327343194597233,-58.0,evolution
227,11.35,1428,1428,3.7327343194597233,-58.0,evolution
228,11.4,1429,1429,3.7668496148698978,-58.0,evolution
229,11.45,1429,1429,3.7668496148698978,-58.0,evolution
230,11.5,1430,1430,3.801305944215983,-58.0,evolution
231,11.55,1430,1430,3.801305944215983,-58.0,evolution
232,11.6,1431,1431,3.8361069696065897,-58.0,evolution
233,11.65,1431,1431,3.8361069696065897,-58.0,evolution
234,11.7,1432,1432,3.8712558953875487,-58.0,evolution
235,11.75,1432,1432,3.8712558953875487,-58.0,evolution
236,11.8,1433,1433,3.906756383668835,-58.0,evolution
237,11.85,1433,1433,3.906756383668835,-58.0,evolution
238,11.9,1433,1433,3.906756383668835,-58.0,evolution
239,11.95,1434,1434,3.9426120965595146,-58.0,evolution
240,12.0,1434,1434,3.9426120965595146,-58.0,evolution
241,12.05,1435,1435,3.978826238405418,-58.0,evolution
242,12.1,1435,1435,3.978826238405418,-58.0,evolution
243,12.15,1436,1436,4.0154024713156105,-58.0,evolution
244,12.2,1436,1436,4.0154024713156105,-58.0,evolution
245,12.25,1437,1437,4.052344457399613,-58.0,evolution
246,12.3,1437,1437,4.052344457399613,-58.0,evolution
247,12.35,1438,1438,4.089655858766491,-58.0,evolution
248,12.4,1438,1438,4.089655858766491,-58.0,evolution
249,12.45,1438,1438,4.089655858766491,-58.0,evolution
250,12.5,1439,1439,4.1273403375262205,-58.0,evolution
251,12.55,1439,1439,4.1273403375262205,-58.0,evolution
252,12.6,1440,1440,4.1654015557878665,-58.0,evolution
253,12.65,1440,1440,4.1654015557878665,-58.0,evolution
254,12.7,1441,1441,4.20384363342464,-58.0,evolution
255,12.75,1441,1441,4.20384363342464,-58.0,evolution
256,12.8,1441,1441,4.20384363342464,-58.0,evolution
257,12.85,1442,1442,4.242670232546061,-58.0,evolution
258,12.9,1442,1442,4.242670232546061,-58.0,evolution
259,12.95,1443,1443,4.281885015260741,-58.0,evolution
260,13.0,1443,1443,4.281885015260741,-58.0,evolution
261,13.05,1444,1444,4.321491643678655,-58.0,evolution
262,13.1,1444,1444,4.321491643678655,-58.0,evolution
263,13.15,1444,1444,4.321491643678655,-58.0,evolution
264,13.2,1445,1445,4.361494695436704,-58.0,evolution
265,13.25,1445,1445,4.361494695436704,-58.0,evolution
266,13.3,1446,1446,4.401897374879809,-58.0,evolution
267,13.35,1446,1446,4.401897374879809,-58.0,evolution
268,13.4,1446,1446,4.401897374879809,-58.0,evolution
269,13.45,1447,1447,4.442704259645325,-58.0,evolution
270,13.5,1447,1447,4.442704259645325,-58.0,evolution
271,13.55,1448,1448,4.483919469606462,-58.0,evolution
272,13.6,1448,1448,4.483919469606462,-58.0,evolution
273,13.65,1448,1448,4.483919469606462,-58.0,evolution
274,13.7,1449,1449,4.525546666871833,-58.0,evolution
275,13.75,1449,1449,4.525546666871833,-58.0,evolution
276,13.8,1450,1450,4.567589971315556,-58.0,evolution
277,13.85,1450,1450,4.567589971315556,-58.0,evolution
278,13.9,1450,1450,4.567589971315556,-58.0,evolution
279,13.95,1451,1451,4.610053960573168,-58.0,evolution
280,14.0,1451,1451,4.610053960573168,-58.0,evolution
281,14.05,1452,1452,4.652942296754645,-58.0,evolution
282,14.1,1452,1452,4.652942296754645,-58.0,evolution
283,14.15,1452,1452,4.652942296754645,-58.0,evolution
284,14.2,1453,1453,4.696259557496887,-58.0,evolution
285,14.25,1453,1453,4.696259557496887,-58.0,evolution
286,14.3,1453,1453,4.696259557496887,-58.0,evolution
287,14.35,1454,1454,4.74001032043634,-58.0,evolution
288,14.4,1454,1454,4.74001032043634,-58.0,evolution
289,14.45,1455,1455,4.784198247682525,-58.0,evolution
290,14.5,1455,1455,4.784198247682525,-58.0,evolution
291,14.55,1455,1455,4.784198247682525,-58.0,evolution
292,14.6,1456,1456,4.828828374635577,-58.0,evolution
293,14.65,1456,1456,4.828828374635577,-58.0,evolution
294,14.7,1456,1456,4.828828374635577,-58.0,evolution
295,14.75,1457,1457,4.873904821168708,-58.0,evolution
296,14.8,1457,1457,4.873904821168708,-58.0,evolution
297,14.85,1457,1457,4.873904821168708,-58.0,evolution
298,14.9,1458,1458,4.919431707155127,-58.0,evolution
299,14.95,1458,1458,4.919431707155127,-58.0,evolution
300,15.0,1459,1459,4.9654140679949705,-58.0,evolution
301,15.05,1459,1459,4.9654140679949705,-58.0,evolution
302,15.1,1459,1459,4.9654140679949705,-58.0,evolution
303,15.15,1460,1460,5.0118560235614495,-58.0,evolution
304,15.2,1460,1460,5.0118560235614495,-58.0,evolution
305,15.25,1460,1460,5.0118560235614495,-58.0,evolution
306,15.3,1461,1461,5.0587626092547,-58.0,evolution
307,15.35,1461,1461,5.0587626092547,-58.0,evolution
308,15.4,1461,1461,5.0587626092547,-58.0,evolution
309,15.45,1462,1462,5.106138402712077,-58.0,evolution
310,15.5,1462,1462,5.106138402712077,-58.0,evolution
311,15.55,1462,1462,5.106138402712077,-58.0,evolution
312,15.6,1463,1463,5.1539879815691165,-58.0,evolution
313,15.65,1463,1463,5.1539879815691165,-58.0,evolution
314,15.7,1463,1463,5.1539879815691165,-58.0,evolution
315,15.75,1464,1464,5.20231592346363,-58.0,evolution
316,15.8,1464,1464,5.20231592346363,-58.0,evolution
317,15.85,1464,1464,5.20231592346363,-58.0,evolution
318,15.9,1465,1465,5.251127263795752,-58.0,evolution
319,15.95,1465,1465,5.251127263795752,-58.0,evolution
320,16.0,1465,1465,5.251127263795752,-58.0,evolution
321,16.05,1466,1466,5.300426580201929,-58.0,evolution
322,16.1,1466,1466,5.300426580201929,-58.0,evolution
323,16.15,1466,1466,5.300426580201929,-58.0,evolution
324,16.2,1467,1467,5.350218908083207,-58.0,evolution
325,16.25,1467,1467,5.350218908083207,-58.0,evolution
326,16.3,1467,1467,5.350218908083207,-58.0,evolution
327,16.35,1468,1468,5.4005092828388115,-58.0,evolution
328,16.4,1468,1468,5.4005092828388115,-58.0,evolution
329,16.45,1468,1468,5.4005092828388115,-58.0,evolution
330,16.5,1469,1469,5.451302282106553,-58.0,evolution
331,16.55,1469,1469,5.451302282106553,-58.0,evolution
332,16.6,1469,1469,5.451302282106553,-58.0,evolution
333,16.65,1470,1470,5.502603399049804,-58.0,evolution
334,16.7,1470,1470,5.502603399049804,-58.0,evolution
335,16.75,1470,1470,5.502603399049804,-58.0,evolution
336,16.8,1471,1471,5.554417211305463,-58.0,evolution
337,16.85,1471,1471,5.554417211305463,-58.0,evolution
338,16.9,1471,1471,5.554417211305463,-58.0,evolution
339,16.95,1472,1472,5.606749212038267,-58.0,evolution
340,17.0,1472,1472,5.606749212038267,-58.0,evolution
341,17.05,1472,1472,5.606749212038267,-58.0,evolution
342,17.1,1473,1473,5.659604894411132,-58.0,evolution
343,17.15,1473,1473,5.659604894411132,-58.0,evolution
344,17.2,1473,1473,5.659604894411132,-58.0,evolution
345,17.25,1474,1474,5.712988836061413,-58.0,evolution
346,17.3,1474,1474,5.712988836061413,-58.0,evolution
347,17.35,1474,1474,5.712988836061413,-58.0,evolution
348,17.4,1474,1474,5.712988836061413,-58.0,evolution
349,17.45,1475,1475,5.766906530153392,-58.0,evolution
350,17.5,1475,1475,5.766906530153392,-58.0,evolution
351,17.55,1475,1475,5.766906530153392,-58.0,evolution
352,17.6,1476,1476,5.821363469850439,-58.0,evolution
353,17.65,1476,1476,5.821363469850439,-58.0,evolution
354,17.7,1476,1476,5.821363469850439,-58.0,evolution
355,17.75,1477,1477,5.876365148317291,-58.0,evolution
356,17.8,1477,1477,5.876365148317291,-58.0,evolution
357,17.85,1477,1477,5.876365148317291,-58.0,evolution
358,17.9,1477,1477,5.876365148317291,-58.0,evolution
359,17.95,1478,1478,5.931916600954082,-58.0,evolution
360,18.0,1478,1478,5.931916600954082,-58.0,evolution
361,18.05,1478,1478,5.931916600954082,-58.0,evolution
362,18.1,1479,1479,5.98802377868833,-58.0,evolution
363,18.15,1479,1479,5.98802377868833,-58.0,evolution
364,18.2,1479,1479,5.98802377868833,-58.0,evolution
365,18.25,1479,1479,5.98802377868833,-58.0,evolution
366,18.3,1480,1480,6.044692174684769,-58.0,evolution
367,18.35,1480,1480,6.044692174684769,-58.0,evolution
368,18.4,1480,1480,6.044692174684769,-58.0,evolution
369,18.45,1481,1481,6.101927282106317,-58.0,evolution
370,18.5,1481,1481,6.101927282106317,-58.0,evolution
371,18.55,1481,1481,6.101927282106317,-58.0,evolution
372,18.6,1482,1482,6.159734594118163,-58.0,evolution
373,18.65,1482,1482,6.159734594118163,-58.0,evolution
374,18.7,1482,1482,6.159734594118163,-58.0,evolution
375,18.75,1482,1482,6.159734594118163,-58.0,evolution
376,18.8,1483,1483,6.218120061647369,-58.0,evolution
377,18.85,1483,1483,6.218120061647369,-58.0,evolution
378,18.9,1483,1483,6.218120061647369,-58.0,evolution
379,18.95,1483,1483,6.218120061647369,-58.0,evolution
380,19.0,1484,1484,6.277089177858215,-58.0,evolution
381,19.05,1484,1484,6.277089177858215,-58.0,evolution
382,19.1,1484,1484,6.277089177858215,-58.0,evolution
383,19.15,1485,1485,6.336647893678673,-58.0,evolution
384,19.2,1485,1485,6.336647893678673,-58.0,evolution
385,19.25,1485,1485,6.336647893678673,-58.0,evolution
386,19.3,1485,1485,6.336647893678673,-58.0,evolution
387,19.35,1486,1486,6.396802617799949,-58.0,evolution
388,19.4,1486,1486,6.396802617799949,-58.0,evolution
389,19.45,1486,1486,6.396802617799949,-58.0,evolution
390,19.5,1487,1487,6.457558843385868,-58.0,evolution
391,19.55,1487,1487,6.457558843385868,-58.0,evolution
392,19.6,1487,1487,6.457558843385868,-58.0,evolution
393,19.65,1487,1487,6.457558843385868,-58.0,evolution
394,19.7,1488,1488,6.518922521364402,-58.0,evolution
395,19.75,1488,1488,6.518922521364402,-58.0,evolution
396,19.8,1488,1488,6.518922521364402,-58.0,evolution
397,19.85,1488,1488,6.518922521364402,-58.0,evolution
398,19.9,1489,1489,6.580899602663067,-58.0,evolution
399,19.95,1489,1489,6.580899602663067,-58.0,evolution
400,20.0,1489,1489,6.580899602663067,-58.0,evolution
401,20.05,1489,1489,6.580899602663067,-58.0,evolution
402,20.1,1490,1490,6.6434964959735225,-58.0,evolution
403,20.15,1490,1490,6.6434964959735225,-58.0,evolution
404,20.2,1490,1490,6.6434964959735225,-58.0,evolution
405,20.25,1491,1491,6.706719609987431,-58.0,evolution
406,20.3,1491,1491,6.706719609987431,-58.0,evolution
407,20.35,1491,1491,6.706719609987431,-58.0,evolution
408,20.4,1491,1491,6.706719609987431,-58.0,evolution
409,20.45,1492,1492,6.770574895631853,-58.0,evolution
410,20.5,1492,1492,6.770574895631853,-58.0,evolution
411,20.55,1492,1492,6.770574895631853,-58.0,evolution
412,20.6,1492,1492,6.770574895631853,-58.0,evolution
413,20.65,1493,1493,6.834481450807743,-58.0,evolution
414,20.7,1493,1493,6.834481450807743,-58.0,evolution
415,20.75,1493,1493,6.834481450807743,-58.0,evolution
416,20.8,1493,1493,6.834481450807743,-58.0,evolution
417,20.85,1494,1494,6.898388005983179,-58.0,evolution
418,20.9,1494,1494,6.898388005983179,-58.0,evolution
419,20.95,1494,1494,6.898388005983179,-58.0,evolution
420,21.0,1494,1494,6.898388005983179,-58.0,evolution
421,21.05,1495,1495,6.962294561159069,-58.0,evolution
422,21.1,1495,1495,6.962294561159069,-58.0,evolution
423,21.15,1495,1495,6.962294561159069,-58.0,evolution
424,21.2,1495,1495,6.962294561159069,-58.0,evolution
425,21.25,1496,1496,7.02620111633496,-58.0,evolution
426,21.3,1496,1496,7.02620111633496,-58.0,evolution
427,21.35,1496,1496,7.02620111633496,-58.0,evolution
428,21.4,1496,1496,7.02620111633496,-58.0,evolution
429,21.45,1497,1497,7.09010767151085,-58.0,evolution
430,21.5,1497,1497,7.09010767151085,-58.0,evolution
431,21.55,1497,1497,7.09010767151085,-58.0,evolution
432,21.6,1498,1498,7.154014226686286,-58.0,evolution
433,21.65,1498,1498,7.154014226686286,-58.0,evolution
434,21.7,1498,1498,7.154014226686286,-58.0,evolution
435,21.75,1498,1498,7.154014226686286,-58.0,evolution
436,21.8,1499,1499,7.217920781862176,-58.0,evolution
437,21.85,1499,1499,7.217920781862176,-58.0,evolution
438,21.9,1499,1499,7.217920781862176,-58.0,evolution
439,21.95,1499,1499,7.217920781862176,-58.0,evolution
440,22.0,1500,1500,7.281827337038067,-58.0,evolution
441,22.05,1500,1500,7.281827337038067,-58.0,evolution
442,22.1,1500,1500,7.281827337038067,-58.0,evolution
443,22.15,1500,1500,7.281827337038067,-58.0,evolution
444,22.2,1501,1501,7.345733892213957,-58.0,evolution
445,22.25,1501,1501,7.345733892213957,-58.0,evolution
446,22.3,1501,1501,7.345733892213957,-58.0,evolution
447,22.35,1501,1501,7.345733892213957,-58.0,evolution
448,22.4,1502,1502,7.409640447389847,-58.0,evolution
449,22.45,1502,1502,7.409640447389847,-58.0,evolution
450,22.5,1502,1502,7.409640447389847,-58.0,evolution
451,22.55,1502,1502,7.409640447389847,-58.0,evolution
452,22.6,1503,1503,7.473547002565283,-58.0,evolution
453,22.65,1503,1503,7.473547002565283,-58.0,evolution
454,22.7,1503,1503,7.473547002565283,-58.0,evolution
455,22.75,1503,1503,7.473547002565283,-58.0,evolution
456,22.8,1504,1504,7.537453557741173,-58.0,evolution
457,22.85,1504,1504,7.537453557741173,-58.0,evolution
458,22.9,1504,1504,7.537453557741173,-58.0,evolution
459,22.95,1504,1504,7.537453557741173,-58.0,evolution
460,23.0,1505,1505,7.601360112917064,-58.0,evolution
461,23.05,1505,1505,7.601360112917064,-58.0,evolution
462,23.1,1505,1505,7.601360112917064,-58.0,evolution
463,23.15,1506,1506,7.665266668092954,-58.0,evolution
464,23.2,1506,1506,7.665266668092954,-58.0,evolution
465,23.25,1506,1506,7.665266668092954,-58.0,evolution
466,23.3,1506,1506,7.665266668092954,-58.0,evolution
467,23.35,1507,1507,7.72917322326839,-58.0,evolution
468,23.4,1507,1507,7.72917322326839,-58.0,evolution
469,23.45,1507,1507,7.72917322326839,-58.0,evolution
470,23.5,1507,1507,7.72917322326839,-58.0,evolution
471,23.55,1508,1508,7.79307977844428,-58.0,evolution
472,23.6,1508,1508,7.79307977844428,-58.0,evolution
473,23.65,1508,1508,7.79307977844428,-58.0,evolution
474,23.7,1508,1508,7.79307977844428,-58.0,evolution
475,23.75,1509,1509,7.856986333620171,-58.0,evolution
476,23.8,1509,1509,7.856986333620171,-58.0,evolution
477,23.85,1509,1509,7.856986333620171,-58.0,evolution
478,23.9,1509,1509,7.856986333620171,-58.0,evolution
479,23.95,1510,1510,7.920892888796061,-58.0,evolution
480,24.0,1510,1510,7.920892888796061,-58.0,evolution
481,24.05,1510,1510,7.920892888796061,-58.0,evolution
482,24.1,1510,1510,7.920892888796061,-58.0,evolution
483,24.15,1511,1511,7.984799443971497,-58.0,evolution
484,24.2,1511,1511,7.984799443971497,-58.0,evolution
485,24.25,1511,1511,7.984799443971497,-58.0,evolution
486,24.3,1511,1511,7.984799443971497,-58.0,evolution
487,24.35,1512,1512,8.048705999147387,-58.0,evolution
488,24.4,1512,1512,8.048705999147387,-58.0,evolution
489,24.45,1512,1512,8.048705999147387,-58.0,evolution
490,24.5,1513,1513,8.112612554323277,-58.0,evolution
491,24.55,1513,1513,8.112612554323277,-58.0,evolution
492,24.6,1513,1513,8.112612554323277,-58.0,evolution
493,24.65,1513,1513,8.112612554323277,-58.0,evolution
494,24.7,1514,1514,8.176519109499168,-58.0,evolution
495,24.75,1514,1514,8.176519109499168,-58.0,evolution
496,24.8,1514,1514,8.176519109499168,-58.0,evolution
497,24.85,1514,1514,8.176519109499168,-58.0,evolution
498,24.9,1515,1515,8.240425664674603,-58.0,evolution
499,24.95,1515,1515,8.240425664674603,-58.0,evolution
500,25.0,1515,1515,8.240425664674603,-58.0,evolution
501,25.05,1515,1515,8.240425664674603,-58.0,evolution
502,25.1,1516,1516,8.304332219850494,-58.0,evolution
503,25.15,1516,1516,8.304332219850494,-58.0,evolution
504,25.2,1516,1516,8.304332219850494,-58.0,evolution
505,25.25,1516,1516,8.304332219850494,-58.0,evolution
506,25.3,1517,1517,8.368238775026384,-58.0,evolution
507,25.35,1517,1517,8.368238775026384,-58.0,evolution
508,25.4,1517,1517,8.368238775026384,-58.0,evolution
509,25.45,1517,1517,8.368238775026384,-58.0,evolution
510,25.5,1518,1518,8.432145330202275,-58.0,evolution
511,25.55,1518,1518,8.432145330202275,-58.0,evolution
512,25.6,1518,1518,8.432145330202275,-58.0,evolution
513,25.65,1518,1518,8.432145330202275,-58.0,evolution
514,25.7,1519,1519,8.49605188537771,-58.0,evolution
515,25.75,1519,1519,8.49605188537771,-58.0,evolution
516,25.8,1519,1519,8.49605188537771,-58.0,evolution
517,25.85,1520,1520,8.5599584405536,-58.0,evolution
518,25.9,1520,1520,8.5599584405536,-58.0,evolution
519,25.95,1520,1520,8.5599584405536,-58.0,evolution
520,26.0,1520,1520,8.5599584405536,-58.0,evolution
521,26.05,1521,1521,8.623864995729491,-58.0,evolution
522,26.1,1521,1521,8.623864995729491,-58.0,evolution
523,26.15,1521,1521,8.623864995729491,-58.0,evolution
524,26.2,1521,1521,8.623864995729491,-58.0,evolution
525,26.25,1522,1522,8.687771550905381,-58.0,evolution
526,26.3,1522,1522,8.687771550905381,-58.0,evolution
527,26.35,1522,1522,8.687771550905381,-58.0,evolution
528,26.4,1522,1522,8.687771550905381,-58.0,evolution
529,26.45,1523,1523,8.751678106080817,-58.0,evolution
530,26.5,1523,1523,8.751678106080817,-58.0,evolution
531,26.55,1523,1523,8.751678106080817,-58.0,evolution
532,26.6,1523,1523,8.751678106080817,-58.0,evolution
533,26.65,1524,1524,8.816223699342572,-58.0,evolution
534,26.7,1524,1524,8.816223699342572,-58.0,evolution
535,26.75,1524,1524,8.816223699342572,-58.0,evolution
536,26.8,1524,1524,8.816223699342572,-58.0,evolution
537,26.85,1525,1525,8.881414739381853,-58.0,evolution
538,26.9,1525,1525,8.881414739381853,-58.0,evolution
539,26.95,1525,1525,8.881414739381853,-58.0,evolution
540,27.0,1525,1525,8.881414739381853,-58.0,evolution
541,27.05,1526,1526,8.94725763488941,-58.0,evolution
542,27.1,1526,1526,8.94725763488941,-58.0,evolution
543,27.15,1526,1526,8.94725763488941,-58.0,evolution
544,27.2,1526,1526,8.94725763488941,-58.0,evolution
545,27.25,1527,1527,9.013758794557816,-58.0,evolution
546,27.3,1527,1527,9.013758794557816,-58.0,evolution
547,27.35,1527,1527,9.013758794557816,-58.0,evolution
548,27.4,1527,1527,9.013758794557816,-58.0,evolution
549,27.45,1528,1528,9.080925084840601,-58.0,evolution
550,27.5,1528,1528,9.080925084840601,-58.0,evolution
551,27.55,1528,1528,9.080925084840601,-58.0,evolution
552,27.6,1528,1528,9.080925084840601,-58.0,evolution
553,27.65,1529,1529,9.14876291443079,-58.0,evolution
554,27.7,1529,1529,9.14876291443079,-58.0,evolution
555,27.75,1529,1529,9.14876291443079,-58.0,evolution
556,27.8,1529,1529,9.14876291443079,-58.0,evolution
557,27.85,1530,1530,9.217279149782371,-58.0,evolution
558,27.9,1530,1530,9.217279149782371,-58.0,evolution
559,27.95,1530,1530,9.217279149782371,-58.0,evolution
560,28.0,1530,1530,9.217279149782371,-58.0,evolution
561,28.05,1531,1531,9.286480657350694,-58.0,evolution
562,28.1,1531,1531,9.286480657350694,-58.0,evolution
563,28.15,1531,1531,9.286480657350694,-58.0,evolution
564,28.2,1531,1531,9.286480657350694,-58.0,evolution
565,28.25,1532,1532,9.356374303590655,-58.0,evolution
566,28.3,1532,1532,9.356374303590655,-58.0,evolution
567,28.35,1532,1532,9.356374303590655,-58.0,evolution
568,28.4,1532,1532,9.356374303590655,-58.0,evolution
569,28.45,1532,1532,9.356374303590655,-58.0,evolution
570,28.5,1533,1533,9.426966497194371,-58.0,evolution
571,28.55,1533,1533,9.426966497194371,-58.0,evolution
572,28.6,1533,1533,9.426966497194371,-58.0,evolution
573,28.65,1533,1533,9.426966497194371,-58.0,evolution
574,28.7,1534,1534,9.498265020143663,-58.0,evolution
575,28.75,1534,1534,9.498265020143663,-58.0,evolution
576,28.8,1534,1534,9.498265020143663,-58.0,evolution
577,28.85,1534,1534,9.498265020143663,-58.0,evolution
578,28.9,1535,1535,9.570276281129736,-58.0,evolution
579,28.95,1535,1535,9.570276281129736,-58.0,evolution
580,29.0,1535,1535,9.570276281129736,-58.0,evolution
581,29.05,1535,1535,9.570276281129736,-58.0,evolution
582,29.1,1535,1535,9.570276281129736,-58.0,evolution
583,29.15,1536,1536,9.643007604372087,-58.0,evolution
584,29.2,1536,1536,9.643007604372087,-58.0,evolution
585,29.25,1536,1536,9.643007604372087,-58.0,evolution
586,29.3,1536,1536,9.643007604372087,-58.0,evolution
587,29.35,1537,1537,9.716466314088848,-58.0,evolution
588,29.4,1537,1537,9.716466314088848,-58.0,evolution
589,29.45,1537,1537,9.716466314088848,-58.0,evolution
590,29.5,1537,1537,9.716466314088848,-58.0,evolution
591,29.55,1537,1537,9.716466314088848,-58.0,evolution
592,29.6,1538,1538,9.790659734499059,-58.0,evolution
593,29.65,1538,1538,9.790659734499059,-58.0,evolution
594,29.7,1538,1538,9.790659734499059,-58.0,evolution
595,29.75,1538,1538,9.790659734499059,-58.0,evolution
596,29.8,1539,1539,9.865595189821306,-58.0,evolution
597,29.85,1539,1539,9.865595189821306,-58.0,evolution
598,29.9,1539,1539,9.865595189821306,-58.0,evolution
599,29.95,1539,1539,9.865595189821306,-58.0,evolution
600,30.0,1539,1539,9.865595189821306,-58.0,evolution
601,30.05,1540,1540,9.941280004274176,-58.0,evolution
602,30.1,1540,1540,9.941280004274176,-58.0,evolution
603,30.15,1540,1540,9.941280004274176,-58.0,evolution
604,30.2,1540,1540,9.941280004274176,-58.0,evolution
605,30.25,1541,1541,10.017721502077165,-58.0,evolution
606,30.3,1541,1541,10.017721502077165,-58.0,evolution
607,30.35,1541,1541,10.017721502077165,-58.0,evolution
608,30.4,1541,1541,10.017721502077165,-58.0,evolution
609,30.45,1541,1541,10.017721502077165,-58.0,evolution
610,30.5,1542,1542,10.094927465212095,-58.0,evolution
611,30.55,1542,1542,10.094927465212095,-58.0,evolution
612,30.6,1542,1542,10.094927465212095,-58.0,evolution
613,30.65,1542,1542,10.094927465212095,-58.0,evolution
614,30.7,1542,1542,10.094927465212095,-58.0,evolution
615,30.75,1543,1543,10.17290521789755,-58.0,evolution
616,30.8,1543,1543,10.17290521789755,-58.0,evolution
617,30.85,1543,1543,10.17290521789755,-58.0,evolution
618,30.9,1543,1543,10.17290521789755,-58.0,evolution
619,30.95,1543,1543,10.17290521789755,-58.0,evolution
620,31.0,1544,1544,10.251662999879954,-58.0,evolution
621,31.05,1544,1544,10.251662999879954,-58.0,evolution
622,31.1,1544,1544,10.251662999879954,-58.0,evolution
623,31.15,1544,1544,10.251662999879954,-58.0,evolution
624,31.2,1545,1545,10.331208135377892,-58.0,evolution
625,31.25,1545,1545,10.331208135377892,-58.0,evolution
626,31.3,1545,1545,10.331208135377892,-58.0,evolution
627,31.35,1545,1545,10.331208135377892,-58.0,evolution
628,31.4,1545,1545,10.331208135377892,-58.0,evolution
629,31.45,1546,1546,10.411548864137785,-58.0,evolution
630,31.5,1546,1546,10.411548864137785,-58.0,evolution
631,31.55,1546,1546,10.411548864137785,-58.0,evolution
632,31.6,1546,1546,10.411548864137785,-58.0,evolution
633,31.65,1546,1546,10.411548864137785,-58.0,evolution
634,31.7,1547,1547,10.492692968141455,-58.0,evolution
635,31.75,1547,1547,10.492692968141455,-58.0,evolution
636,31.8,1547,1547,10.492692968141455,-58.0,evolution
637,31.85,1547,1547,10.492692968141455,-58.0,evolution
638,31.9,1547,1547,10.492692968141455,-58.0,evolution
639,31.95,1548,1548,10.574648687135777,-58.0,evolution
640,32.0,1548,1548,10.574648687135777,-58.0,evolution
641,32.05,1548,1548,10.574648687135777,-58.0,evolution
642,32.1,1548,1548,10.574648687135777,-58.0,evolution
643,32.15,1548,1548,10.574648687135777,-58.0,evolution
644,32.2,1549,1549,10.657423803102574,-58.0,evolution
645,32.25,1549,1549,10.657423803102574,-58.0,evolution
646,32.3,1549,1549,10.657423803102574,-58.0,evolution
647,32.35,1549,1549,10.657423803102574,-58.0,evolution
648,32.4,1549,1549,10.657423803102574,-58.0,evolution
649,32.45,1550,1550,10.741026555788267,-58.0,evolution
650,32.5,1550,1550,10.741026555788267,-58.0,evolution
651,32.55,1550,1550,10.741026555788267,-58.0,evolution
652,32.6,1550,1550,10.741026555788267,-58.0,evolution
653,32.65,1550,1550,10.741026555788267,-58.0,evolution
654,32.7,1551,1551,10.825465642702056,-58.0,evolution
655,32.75,1551,1551,10.825465642702056,-58.0,evolution
656,32.8,1551,1551,10.825465642702056,-58.0,evolution
657,32.85,1551,1551,10.825465642702056,-58.0,evolution
658,32.9,1551,1551,10.825465642702056,-58.0,evolution
659,32.95,1552,1552,10.91074884582713,-58.0,evolution
660,33.0,1552,1552,10.91074884582713,-58.0,evolution
661,33.05,1552,1552,10.91074884582713,-58.0,evolution
662,33.1,1552,1552,10.91074884582713,-58.0,evolution
663,33.15,1552,1552,10.91074884582713,-58.0,evolution
664,33.2,1552,1552,10.91074884582713,-58.0,evolution
665,33.25,1553,1553,10.996884862672687,-58.0,evolution
666,33.3,1553,1553,10.996884862672687,-58.0,evolution
667,33.35,1553,1553,10.996884862672687,-58.0,evolution
668,33.4,1553,1553,10.996884862672687,-58.0,evolution
669,33.45,1553,1553,10.996884862672687,-58.0,evolution
670,33.5,1554,1554,11.08388239074884,-58.0,evolution
671,33.55,1554,1554,11.08388239074884,-58.0,evolution
672,33.6,1554,1554,11.08388239074884,-58.0,evolution
673,33.65,1554,1554,11.08388239074884,-58.0,evolution
674,33.7,1554,1554,11.08388239074884,-58.0,evolution
675,33.75,1555,1555,11.171750127565247,-58.0,evolution
676,33.8,1555,1555,11.171750127565247,-58.0,evolution
677,33.85,1555,1555,11.171750127565247,-58.0,evolution
678,33.9,1555,1555,11.171750127565247,-58.0,evolution
679,33.95,1555,1555,11.171750127565247,-58.0,evolution
680,34.0,1556,1556,11.260496312868327,-58.0,evolution
681,34.05,1556,1556,11.260496312868327,-58.0,evolution
682,34.1,1556,1556,11.260496312868327,-58.0,evolution
683,34.15,1556,1556,11.260496312868327,-58.0,evolution
684,34.2,1556,1556,11.260496312868327,-58.0,evolution
685,34.25,1556,1556,11.260496312868327,-58.0,evolution
686,34.3,1557,1557,11.350130101930517,-58.0,evolution
687,34.35,1557,1557,11.350130101930517,-58.0,evolution
688,34.4,1557,1557,11.350130101930517,-58.0,evolution
689,34.45,1557,1557,11.350130101930517,-58.0,evolution
690,34.5,1557,1557,11.350130101930517,-58.0,evolution
691,34.55,1558,1558,11.44066019226284,-58.0,evolution
692,34.6,1558,1558,11.44066019226284,-58.0,evolution
693,34.65,1558,1558,11.44066019226284,-58.0,evolution
694,34.7,1558,1558,11.44066019226284,-58.0,evolution
695,34.75,1558,1558,11.44066019226284,-58.0,evolution
696,34.8,1558,1558,11.44066019226284,-58.0,evolution
697,34.85,1559,1559,11.53209573913773,-58.0,evolution
698,34.9,1559,1559,11.53209573913773,-58.0,evolution
699,34.95,1559,1559,11.53209573913773,-58.0,evolution
700,35.0,1559,1559,11.53209573913773,-58.0,evolution
701,35.05,1559,1559,11.53209573913773,-58.0,evolution
702,35.1,1560,1560,11.624445440065301,-58.0,evolution
703,35.15,1560,1560,11.624445440065301,-58.0,evolution
704,35.2,1560,1560,11.624445440065301,-58.0,evolution
705,35.25,1560,1560,11.624445440065301,-58.0,evolution
706,35.3,1560,1560,11.624445440065301,-58.0,evolution
707,35.35,1560,1560,11.624445440065301,-58.0,evolution
708,35.4,1561,1561,11.717718450319353,-58.0,evolution
709,35.45,1561,1561,11.717718450319353,-58.0,evolution
710,35.5,1561,1561,11.717718450319353,-58.0,evolution
711,35.55,1561,1561,11.717718450319353,-58.0,evolution
712,35.6,1561,1561,11.717718450319353,-58.0,evolution
713,35.65,1561,1561,11.717718450319353,-58.0,evolution
714,35.7,1562,1562,11.811924382936468,-58.0,evolution
715,35.75,1562,1562,11.811924382936468,-58.0,evolution
716,35.8,1562,1562,11.811924382936468,-58.0,evolution
717,35.85,1562,1562,11.811924382936468,-58.0,evolution
718,35.9,1562,1562,11.811924382936468,-58.0,evolution
719,35.95,1563,1563,11.907072393190447,-58.0,evolution
720,36.0,903,903,2.0004014767187073,-58.0,orbit
721,36.05,903,903,2.0004014767187073,-56.49372384937239,orbit
722,36.1,903,903,2.0004014767187073,-54.987447698744774,orbit
723,36.15,903,903,2.0004014767187073,-53.48117154811715,orbit
724,36.2,903,903,2.0004014767187073,-51.97489539748954,orbit
725,36.25,903,903,2.0004014767187073,-50.46861924686193,orbit
726,36.3,903,903,2.0004014767187073,-48.96234309623431,orbit
727,36.35,903,903,2.0004014767187073,-47.45606694560669,orbit
728,36.4,903,903,2.0004014767187073,-45.94979079497908,orbit
729,36.45,903,903,2.0004014767187073,-44.44351464435147,orbit
730,36.5,903,903,2.0004014767187073,-42.937238493723854,orbit
731,36.55,903,903,2.0004014767187073,-41.43096234309623,orbit
732,36.6,903,903,2.0004014767187073,-39.92468619246862,orbit
733,36.65,903,903,2.0004014767187073,-38.41841004184101,orbit
734,36.7,903,903,2.0004014767187073,-36.91213389121339,orbit
735,36.75,903,903,2.0004014767187073,-35.40585774058577,orbit
736,36.8,903,903,2.0004014767187073,-33.89958158995816,orbit
737,36.85,903,903,2.0004014767187073,-32.39330543933055,orbit
738,36.9,903,903,2.0004014767187073,-30.88702928870293,orbit
739,36.95,903,903,2.0004014767187073,-29.380753138075313,orbit
740,37.0,903,903,2.0004014767187073,-27.8744769874477,orbit
741,37.05,903,903,2.0004014767187073,-26.368200836820087,orbit
742,37.1,903,903,2.0004014767187073,-24.861924686192467,orbit
743,37.15,903,903,2.0004014767187073,-23.355648535564853,orbit
744,37.2,903,903,2.0004014767187073,-21.84937238493724,orbit
745,37.25,903,903,2.0004014767187073,-20.343096234309627,orbit
746,37.3,903,903,2.0004014767187073,-18.836820083682014,orbit
747,37.35,903,903,2.0004014767187073,-17.330543933054393,orbit
748,37.4,903,903,2.0004014767187073,-15.82426778242678,orbit
749,37.45,903,903,2.0004014767187073,-14.317991631799167,orbit
750,37.5,903,903,2.0004014767187073,-12.811715481171547,orbit
751,37.55,903,903,2.0004014767187073,-11.305439330543933,orbit
752,37.6,903,903,2.0004014767187073,-9.79916317991632,orbit
753,37.65,903,903,2.0004014767187073,-8.292887029288707,orbit
754,37.7,903,903,2.0004014767187073,-6.786610878661094,orbit
755,37.75,903,903,2.0004014767187073,-5.280334728033473,orbit
756,37.8,903,903,2.0004014767187073,-3.77405857740586,orbit
757,37.85,903,903,2.0004014767187073,-2.267782426778247,orbit
758,37.9,903,903,2.0004014767187073,-0.7615062761506266,orbit
759,37.95,903,903,2.0004014767187073,0.7447698744769866,orbit
760,38.0,903,903,2.0004014767187073,2.2510460251046,orbit
761,38.05,903,903,2.0004014767187073,3.757322175732213,orbit
762,38.1,903,903,2.0004014767187073,5.263598326359826,orbit
763,38.15,903,903,2.0004014767187073,6.7698744769874395,orbit
764,38.2,903,903,2.0004014767187073,8.276150627615067,orbit
765,38.25,903,903,2.0004014767187073,9.78242677824268,orbit
766,38.3,903,903,2.0004014767187073,11.288702928870293,orbit
767,38.35,903,903,2.0004014767187073,12.794979079497907,orbit
768,38.4,903,903,2.0004014767187073,14.30125523012552,orbit
769,38.45,903,903,2.0004014767187073,15.807531380753133,orbit
770,38.5,903,903,2.0004014767187073,17.313807531380746,orbit
771,38.55,903,903,2.0004014767187073,18.82008368200836,orbit
772,38.6,903,903,2.0004014767187073,20.326359832635973,orbit
773,38.65,903,903,2.0004014767187073,21.8326359832636,orbit
774,38.7,903,903,2.0004014767187073,23.338912133891213,orbit
775,38.75,903,903,2.0004014767187073,24.845188284518827,orbit
776,38.8,903,903,2.0004014767187073,26.35146443514644,orbit
777,38.85,903,903,2.0004014767187073,27.857740585774053,orbit
778,38.9,903,903,2.0004014767187073,29.364016736401666,orbit
779,38.95,903,903,2.0004014767187073,30.87029288702928,orbit
780,39.0,903,903,2.0004014767187073,32.37656903765691,orbit
781,39.05,903,903,2.0004014767187073,33.88284518828452,orbit
782,39.1,903,903,2.0004014767187073,35.38912133891213,orbit
783,39.15,903,903,2.0004014767187073,36.89539748953975,orbit
784,39.2,903,903,2.0004014767187073,38.40167364016736,orbit
785,39.25,903,903,2.0004014767187073,39.90794979079497,orbit
786,39.3,903,903,2.0004014767187073,41.414225941422586,orbit
787,39.35,903,903,2.0004014767187073,42.9205020920502,orbit
788,39.4,903,903,2.0004014767187073,44.42677824267781,orbit
789,39.45,903,903,2.0004014767187073,45.93305439330544,orbit
790,39.5,903,903,2.0004014767187073,47.43933054393305,orbit
791,39.55,903,903,2.0004014767187073,48.94560669456067,orbit
792,39.6,903,903,2.0004014767187073,50.45188284518828,orbit
793,39.65,903,903,2.0004014767187073,51.95815899581589,orbit
794,39.7,903,903,2.0004014767187073,53.464435146443506,orbit
795,39.75,903,903,2.0004014767187073,54.97071129707112,orbit
796,39.8,903,903,2.0004014767187073,56.47698744769875,orbit
797,39.85,903,903,2.0004014767187073,57.98326359832636,orbit
798,39.9,903,903,2.0004014767187073,59.48953974895397,orbit
799,39.95,903,903,2.0004014767187073,60.99581589958159,orbit
800,40.0,903,903,2.0004014767187073,62.5020920502092,orbit
801,40.05,903,903,2.0004014767187073,64.00836820083681,orbit
802,40.1,903,903,2.0004014767187073,65.51464435146443,orbit
803,40.15,903,903,2.0004014767187073,67.02092050209204,orbit
804,40.2,903,903,2.0004014767187073,68.52719665271965,orbit
805,40.25,903,903,2.0004014767187073,70.03347280334728,orbit
806,40.3,903,903,2.0004014767187073,71.53974895397488,orbit
807,40.35,903,903,2.0004014767187073,73.0460251046025,orbit
808,40.4,903,903,2.0004014767187073,74.55230125523013,orbit
809,40.45,903,903,2.0004014767187073,76.05857740585773,orbit
810,40.5,903,903,2.0004014767187073,77.56485355648536,orbit
811,40.55,903,903,2.0004014767187073,79.07112970711296,orbit
812,40.6,903,903,2.0004014767187073,80.57740585774059,orbit
813,40.65,903,903,2.0004014767187073,82.08368200836819,orbit
814,40.7,903,903,2.0004014767187073,83.58995815899581,orbit
815,40.75,903,903,2.0004014767187073,85.09623430962341,orbit
816,40.8,903,903,2.0004014767187073,86.60251046025104,orbit
817,40.85,903,903,2.0004014767187073,88.10878661087867,orbit
818,40.9,903,903,2.0004014767187073,89.61506276150627,orbit
819,40.95,903,903,2.0004014767187073,91.1213389121339,orbit
820,41.0,903,903,2.0004014767187073,92.62761506276149,orbit
821,41.05,903,903,2.0004014767187073,94.13389121338912,orbit
822,41.1,903,903,2.0004014767187073,95.64016736401672,orbit
823,41.15,903,903,2.0004014767187073,97.14644351464435,orbit
824,41.2,903,903,2.0004014767187073,98.65271966527195,orbit
825,41.25,903,903,2.0004014767187073,100.15899581589957,orbit
826,41.3,903,903,2.0004014767187073,101.6652719665272,orbit
827,41.35,903,903,2.0004014767187073,103.1715481171548,orbit
828,41.4,903,903,2.0004014767187073,104.67782426778243,orbit
829,41.45,903,903,2.0004014767187073,106.18410041841003,orbit
830,41.5,903,903,2.0004014767187073,107.69037656903765,orbit
831,41.55,903,903,2.0004014767187073,109.19665271966525,orbit
832,41.6,903,903,2.0004014767187073,110.70292887029288,orbit
833,41.65,903,903,2.0004014767187073,112.2092050209205,orbit
834,41.7,903,903,2.0004014767187073,113.7154811715481,orbit
835,41.75,903,903,2.0004014767187073,115.22175732217573,orbit
836,41.8,903,903,2.0004014767187073,116.72803347280333,orbit
837,41.85,903,903,2.0004014767187073,118.23430962343096,orbit
838,41.9,903,903,2.0004014767187073,119.74058577405856,orbit
839,41.95,903,903,2.0004014767187073,121.24686192468619,orbit
840,42.0,903,903,2.0004014767187073,122.75313807531381,orbit
841,42.05,903,903,2.0004014767187073,124.25941422594141,orbit
842,42.1,903,903,2.0004014767187073,125.76569037656904,orbit
843,42.15,903,903,2.0004014767187073,127.27196652719664,orbit
844,42.2,903,903,2.0004014767187073,128.77824267782427,orbit
845,42.25,903,903,2.0004014767187073,130.28451882845187,orbit
846,42.3,903,903,2.0004014767187073,131.7907949790795,orbit
847,42.35,903,903,2.0004014767187073,133.2970711297071,orbit
848,42.4,903,903,2.0004014767187073,134.80334728033472,orbit
849,42.45,903,903,2.0004014767187073,136.30962343096235,orbit
850,42.5,903,903,2.0004014767187073,137.81589958158995,orbit
851,42.55,903,903,2.0004014767187073,139.32217573221757,orbit
852,42.6,903,903,2.0004014767187073,140.82845188284517,orbit
853,42.65,903,903,2.0004014767187073,142.3347280334728,orbit
854,42.7,903,903,2.0004014767187073,143.8410041841004,orbit
855,42.75,903,903,2.0004014767187073,145.34728033472803,orbit
856,42.8,903,903,2.0004014767187073,146.85355648535563,orbit
857,42.85,903,903,2.0004014767187073,148.35983263598325,orbit
858,42.9,903,903,2.0004014767187073,149.86610878661088,orbit
859,42.95,903,903,2.0004014767187073,151.37238493723848,orbit
860,43.0,903,903,2.0004014767187073,152.8786610878661,orbit
861,43.05,903,903,2.0004014767187073,154.3849372384937,orbit
862,43.1,903,903,2.0004014767187073,155.89121338912133,orbit
863,43.15,903,903,2.0004014767187073,157.39748953974893,orbit
864,43.2,903,903,2.0004014767187073,158.90376569037656,orbit
865,43.25,903,903,2.0004014767187073,160.4100418410042,orbit
866,43.3,903,903,2.0004014767187073,161.9163179916318,orbit
867,43.35,903,903,2.0004014767187073,163.4225941422594,orbit
868,43.4,903,903,2.0004014767187073,164.928870292887,orbit
869,43.45,903,903,2.0004014767187073,166.43514644351464,orbit
870,43.5,903,903,2.0004014767187073,167.94142259414224,orbit
871,43.55,903,903,2.0004014767187073,169.44769874476987,orbit
872,43.6,903,903,2.0004014767187073,170.9539748953975,orbit
873,43.65,903,903,2.0004014767187073,172.4602510460251,orbit
874,43.7,903,903,2.0004014767187073,173.96652719665272,orbit
875,43.75,903,903,2.0004014767187073,175.47280334728032,orbit
876,43.8,903,903,2.0004014767187073,176.97907949790795,orbit
877,43.85,903,903,2.0004014767187073,178.48535564853555,orbit
878,43.9,903,903,2.0004014767187073,179.99163179916317,orbit
879,43.95,903,903,2.0004014767187073,181.49790794979077,orbit
880,44.0,903,903,2.0004014767187073,183.0041841004184,orbit
881,44.05,903,903,2.0004014767187073,184.51046025104603,orbit
882,44.1,903,903,2.0004014767187073,186.01673640167363,orbit
883,44.15,903,903,2.0004014767187073,187.52301255230125,orbit
884,44.2,903,903,2.0004014767187073,189.02928870292885,orbit
885,44.25,903,903,2.0004014767187073,190.53556485355648,orbit
886,44.3,903,903,2.0004014767187073,192.04184100418408,orbit
887,44.35,903,903,2.0004014767187073,193.5481171548117,orbit
888,44.4,903,903,2.0004014767187073,195.0543933054393,orbit
889,44.45,903,903,2.0004014767187073,196.56066945606693,orbit
890,44.5,903,903,2.0004014767187073,198.06694560669456,orbit
891,44.55,903,903,2.0004014767187073,199.5732217573222,orbit
892,44.6,903,903,2.0004014767187073,201.07949790794976,orbit
893,44.65,903,903,2.0004014767187073,202.58577405857739,orbit
894,44.7,903,903,2.0004014767187073,204.092050209205,orbit
895,44.75,903,903,2.0004014767187073,205.59832635983264,orbit
896,44.8,903,903,2.0004014767187073,207.10460251046027,orbit
897,44.85,903,903,2.0004014767187073,208.61087866108784,orbit
898,44.9,903,903,2.0004014767187073,210.11715481171547,orbit
899,44.95,903,903,2.0004014767187073,211.6234309623431,orbit
900,45.0,903,903,2.0004014767187073,213.12970711297072,orbit
901,45.05,903,903,2.0004014767187073,214.6359832635983,orbit
902,45.1,903,903,2.0004014767187073,216.14225941422592,orbit
903,45.15,903,903,2.0004014767187073,217.64853556485355,orbit
904,45.2,903,903,2.0004014767187073,219.15481171548117,orbit
905,45.25,903,903,2.0004014767187073,220.6610878661088,orbit
906,45.3,903,903,2.0004014767187073,222.16736401673637,orbit
907,45.35,903,903,2.0004014767187073,223.673640167364,orbit
908,45.4,903,903,2.0004014767187073,225.17991631799163,orbit
909,45.45,903,903,2.0004014767187073,226.68619246861925,orbit
910,45.5,903,903,2.0004014767187073,228.19246861924682,orbit
911,45.55,903,903,2.0004014767187073,229.69874476987445,orbit
912,45.6,903,903,2.0004014767187073,231.20502092050208,orbit
913,45.65,903,903,2.0004014767187073,232.7112970711297,orbit
914,45.7,903,903,2.0004014767187073,234.21757322175733,orbit
915,45.75,903,903,2.0004014767187073,235.7238493723849,orbit
916,45.8,903,903,2.0004014767187073,237.23012552301253,orbit
917,45.85,903,903,2.0004014767187073,238.73640167364016,orbit
918,45.9,903,903,2.0004014767187073,240.2426778242678,orbit
919,45.95,903,903,2.0004014767187073,241.74895397489536,orbit
920,46.0,903,903,2.0004014767187073,243.25523012552298,orbit
921,46.05,903,903,2.0004014767187073,244.7615062761506,orbit
922,46.1,903,903,2.0004014767187073,246.26778242677824,orbit
923,46.15,903,903,2.0004014767187073,247.77405857740587,orbit
924,46.2,903,903,2.0004014767187073,249.28033472803344,orbit
925,46.25,903,903,2.0004014767187073,250.78661087866107,orbit
926,46.3,903,903,2.0004014767187073,252.2928870292887,orbit
927,46.35,903,903,2.0004014767187073,253.79916317991632,orbit
928,46.4,903,903,2.0004014767187073,255.3054393305439,orbit
929,46.45,903,903,2.0004014767187073,256.8117154811715,orbit
930,46.5,903,903,2.0004014767187073,258.31799163179915,orbit
931,46.55,903,903,2.0004014767187073,259.8242677824268,orbit
932,46.6,903,903,2.0004014767187073,261.3305439330544,orbit
933,46.65,903,903,2.0004014767187073,262.83682008368197,orbit
934,46.7,903,903,2.0004014767187073,264.3430962343096,orbit
935,46.75,903,903,2.0004014767187073,265.8493723849372,orbit
936,46.8,903,903,2.0004014767187073,267.35564853556485,orbit
937,46.85,903,903,2.0004014767187073,268.8619246861925,orbit
938,46.9,903,903,2.0004014767187073,270.36820083682005,orbit
939,46.95,903,903,2.0004014767187073,271.8744769874477,orbit
940,47.0,903,903,2.0004014767187073,273.3807531380753,orbit
941,47.05,903,903,2.0004014767187073,274.88702928870293,orbit
942,47.1,903,903,2.0004014767187073,276.3933054393305,orbit
943,47.15,903,903,2.0004014767187073,277.89958158995813,orbit
944,47.2,903,903,2.0004014767187073,279.40585774058576,orbit
945,47.25,903,903,2.0004014767187073,280.9121338912134,orbit
946,47.3,903,903,2.0004014767187073,282.418410041841,orbit
947,47.35,903,903,2.0004014767187073,283.9246861924686,orbit
948,47.4,903,903,2.0004014767187073,285.4309623430962,orbit
949,47.45,903,903,2.0004014767187073,286.93723849372384,orbit
950,47.5,903,903,2.0004014767187073,288.44351464435147,orbit
951,47.55,903,903,2.0004014767187073,289.94979079497904,orbit
952,47.6,903,903,2.0004014767187073,291.45606694560666,orbit
953,47.65,903,903,2.0004014767187073,292.9623430962343,orbit
954,47.7,903,903,2.0004014767187073,294.4686192468619,orbit
955,47.75,903,903,2.0004014767187073,295.97489539748955,orbit
956,47.8,903,903,2.0004014767187073,297.4811715481171,orbit
957,47.85,903,903,2.0004014767187073,298.98744769874475,orbit
958,47.9,903,903,2.0004014767187073,300.4937238493724,orbit
959,47.95,903,903,2.0004014767187073,302.0,orbit
960,48.0,1541,1541,10.017721502077165,-58.0,late
961,48.05,1541,1541,10.017721502077165,-58.0,late
962,48.1,1541,1541,10.017721502077165,-58.0,late
963,48.15,1541,1541,10.017721502077165,-58.0,late
964,48.2,1541,1541,10.017721502077165,-58.0,late
965,48.25,1541,1541,10.017721502077165,-58.0,late
966,48.3,1541,1541,10.017721502077165,-58.0,late
967,48.35,1541,1541,10.017721502077165,-58.0,late
968,48.4,1541,1541,10.017721502077165,-58.0,late
969,48.45,1541,1541,10.017721502077165,-58.0,late
970,48.5,1541,1541,10.017721502077165,-58.0,late
971,48.55,1541,1541,10.017721502077165,-58.0,late
972,48.6,1541,1541,10.017721502077165,-58.0,late
973,48.65,1541,1541,10.017721502077165,-58.0,late
974,48.7,1541,1541,10.017721502077165,-58.0,late
975,48.75,1541,1541,10.017721502077165,-58.0,late
976,48.8,1541,1541,10.017721502077165,-58.0,late
977,48.85,1541,1541,10.017721502077165,-58.0,late
978,48.9,1541,1541,10.017721502077165,-58.0,late
979,48.95,1541,1541,10.017721502077165,-58.0,late
980,49.0,1541,1541,10.017721502077165,-58.0,late
981,49.05,1541,1541,10.017721502077165,-58.0,late
982,49.1,1541,1541,10.017721502077165,-58.0,late
983,49.15,1541,1541,10.017721502077165,-58.0,late
984,49.2,1541,1541,10.017721502077165,-58.0,late
985,49.25,1541,1541,10.017721502077165,-58.0,late
986,49.3,1541,1541,10.017721502077165,-58.0,late
987,49.35,1541,1541,10.017721502077165,-58.0,late
988,49.4,1541,1541,10.017721502077165,-58.0,late
989,49.45,1541,1541,10.017721502077165,-58.0,late
990,49.5,1541,1541,10.017721502077165,-58.0,late
991,49.55,1541,1541,10.017721502077165,-58.0,late
992,49.6,1541,1541,10.017721502077165,-58.0,late
993,49.65,1541,1541,10.017721502077165,-58.0,late
994,49.7,1541,1541,10.017721502077165,-58.0,late
995,49.75,1541,1541,10.017721502077165,-58.0,late
996,49.8,1541,1541,10.017721502077165,-58.0,late
997,49.85,1541,1541,10.017721502077165,-58.0,late
998,49.9,1541,1541,10.017721502077165,-58.0,late
999,49.95,1541,1541,10.017721502077165,-58.0,late
1000,50.0,1541,1541,10.017721502077165,-58.0,late
1001,50.05,1541,1541,10.017721502077165,-58.0,late
1002,50.1,1541,1541,10.017721502077165,-58.0,late
1003,50.15,1541,1541,10.017721502077165,-58.0,late
1004,50.2,1541,1541,10.017721502077165,-58.0,late
1005,50.25,1541,1541,10.017721502077165,-58.0,late
1006,50.3,1541,1541,10.017721502077165,-58.0,late
1007,50.35,1541,1541,10.017721502077165,-58.0,late
1008,50.4,1541,1541,10.017721502077165,-58.0,late
1009,50.45,1541,1541,10.017721502077165,-58.0,late
1010,50.5,1541,1541,10.017721502077165,-58.0,late
1011,50.55,1541,1541,10.017721502077165,-58.0,late
1012,50.6,1541,1541,10.017721502077165,-58.0,late
1013,50.65,1541,1541,10.017721502077165,-58.0,late
1014,50.7,1541,1541,10.017721502077165,-58.0,late
1015,50.75,1541,1541,10.017721502077165,-58.0,late
1016,50.8,1541,1541,10.017721502077165,-58.0,late
1017,50.85,1541,1541,10.017721502077165,-58.0,late
1018,50.9,1541,1541,10.017721502077165,-58.0,late
1019,50.95,1541,1541,10.017721502077165,-58.0,late
1020,51.0,1541,1541,10.017721502077165,-58.0,late
1021,51.05,1541,1541,10.017721502077165,-58.0,late
1022,51.1,1541,1541,10.017721502077165,-58.0,late
1023,51.15,1541,1541,10.017721502077165,-58.0,late
1024,51.2,1541,1541,10.017721502077165,-58.0,late
1025,51.25,1541,1541,10.017721502077165,-58.0,late
1026,51.3,1541,1541,10.017721502077165,-58.0,late
1027,51.35,1541,1541,10.017721502077165,-58.0,late
1028,51.4,1541,1541,10.017721502077165,-58.0,late
1029,51.45,1541,1541,10.017721502077165,-58.0,late
1030,51.5,1541,1541,10.017721502077165,-58.0,late
1031,51.55,1541,1541,10.017721502077165,-58.0,late
1032,51.6,1541,1541,10.017721502077165,-58.0,late
1033,51.65,1541,1541,10.017721502077165,-58.0,late
1034,51.7,1541,1541,10.017721502077165,-58.0,late
1035,51.75,1541,1541,10.017721502077165,-58.0,late
1036,51.8,1541,1541,10.017721502077165,-58.0,late
1037,51.85,1541,1541,10.017721502077165,-58.0,late
1038,51.9,1541,1541,10.017721502077165,-58.0,late
1039,51.95,1541,1541,10.017721502077165,-58.0,late
1040,52.0,1564,1636,19.971227208864093,-58.0,late
1041,52.05,1564,1636,19.971227208864093,-58.0,late
1042,52.1,1564,1636,19.971227208864093,-58.0,late
1043,52.15,1564,1636,19.971227208864093,-58.0,late
1044,52.2,1564,1636,19.971227208864093,-58.0,late
1045,52.25,1564,1636,19.971227208864093,-58.0,late
1046,52.3,1564,1636,19.971227208864093,-58.0,late
1047,52.35,1564,1636,19.971227208864093,-58.0,late
1048,52.4,1564,1636,19.971227208864093,-58.0,late
1049,52.45,1564,1636,19.971227208864093,-58.0,late
1050,52.5,1564,1636,19.971227208864093,-58.0,late
1051,52.55,1564,1636,19.971227208864093,-58.0,late
1052,52.6,1564,1636,19.971227208864093,-58.0,late
1053,52.65,1564,1636,19.971227208864093,-58.0,late
1054,52.7,1564,1636,19.971227208864093,-58.0,late
1055,52.75,1564,1636,19.971227208864093,-58.0,late
1056,52.8,1564,1636,19.971227208864093,-58.0,late
1057,52.85,1564,1636,19.971227208864093,-58.0,late
1058,52.9,1564,1636,19.971227208864093,-58.0,late
1059,52.95,1564,1636,19.971227208864093,-58.0,late
1060,53.0,1564,1636,19.971227208864093,-58.0,late
1061,53.05,1564,1636,19.971227208864093,-58.0,late
1062,53.1,1564,1636,19.971227208864093,-58.0,late
1063,53.15,1564,1636,19.971227208864093,-58.0,late
1064,53.2,1564,1636,19.971227208864093,-58.0,late
1065,53.25,1564,1636,19.971227208864093,-58.0,late
1066,53.3,1564,1636,19.971227208864093,-58.0,late
1067,53.35,1564,1636,19.971227208864093,-58.0,late
1068,53.4,1564,1636,19.971227208864093,-58.0,late
1069,53.45,1564,1636,19.971227208864093,-58.0,late
1070,53.5,1564,1636,19.971227208864093,-58.0,late
1071,53.55,1564,1636,19.971227208864093,-58.0,late
1072,53.6,1564,1636,19.971227208864093,-58.0,late
1073,53.65,1564,1636,19.971227208864093,-58.0,late
1074,53.7,1564,1636,19.971227208864093,-58.0,late
1075,53.75,1564,1636,19.971227208864093,-58.0,late
1076,53.8,1564,1636,19.971227208864093,-58.0,late
1077,53.85,1564,1636,19.971227208864093,-58.0,late
1078,53.9,1564,1636,19.971227208864093,-58.0,late
1079,53.95,1564,1636,19.971227208864093,-58.0,late
1080,54.0,1564,1636,19.971227208864093,-58.0,late
1081,54.05,1564,1636,19.971227208864093,-58.0,late
1082,54.1,1564,1636,19.971227208864093,-58.0,late
1083,54.15,1564,1636,19.971227208864093,-58.0,late
1084,54.2,1564,1636,19.971227208864093,-58.0,late
1085,54.25,1564,1636,19.971227208864093,-58.0,late
1086,54.3,1564,1636,19.971227208864093,-58.0,late
1087,54.35,1564,1636,19.971227208864093,-58.0,late
1088,54.4,1564,1636,19.971227208864093,-58.0,late
1089,54.45,1564,1636,19.971227208864093,-58.0,late
1090,54.5,1564,1636,19.971227208864093,-58.0,late
1091,54.55,1564,1636,19.971227208864093,-58.0,late
1092,54.6,1564,1636,19.971227208864093,-58.0,late
1093,54.65,1564,1636,19.971227208864093,-58.0,late
1094,54.7,1564,1636,19.971227208864093,-58.0,late
1095,54.75,1564,1636,19.971227208864093,-58.0,late
1096,54.8,1564,1636,19.971227208864093,-58.0,late
1097,54.85,1564,1636,19.971227208864093,-58.0,late
1098,54.9,1564,1636,19.971227208864093,-58.0,late
1099,54.95,1564,1636,19.971227208864093,-58.0,late
1100,55.0,1564,1636,19.971227208864093,-58.0,late
1101,55.05,1564,1636,19.971227208864093,-58.0,late
1102,55.1,1564,1636,19.971227208864093,-58.0,late
1103,55.15,1564,1636,19.971227208864093,-58.0,late
1104,55.2,1564,1636,19.971227208864093,-58.0,late
1105,55.25,1564,1636,19.971227208864093,-58.0,late
1106,55.3,1564,1636,19.971227208864093,-58.0,late
1107,55.35,1564,1636,19.971227208864093,-58.0,late
1108,55.4,1564,1636,19.971227208864093,-58.0,late
1109,55.45,1564,1636,19.971227208864093,-58.0,late
1110,55.5,1564,1636,19.971227208864093,-58.0,late
1111,55.55,1564,1636,19.971227208864093,-58.0,late
1112,55.6,1564,1636,19.971227208864093,-58.0,late
1113,55.65,1564,1636,19.971227208864093,-58.0,late
1114,55.7,1564,1636,19.971227208864093,-58.0,late
1115,55.75,1564,1636,19.971227208864093,-58.0,late
1116,55.8,1564,1636,19.971227208864093,-58.0,late
1117,55.85,1564,1636,19.971227208864093,-58.0,late
1118,55.9,1564,1636,19.971227208864093,-58.0,late
1119,55.95,1564,1636,19.971227208864093,-58.0,late
1120,56.0,1565,1856,49.973613530885814,-58.0,late
1121,56.05,1565,1856,49.973613530885814,-58.0,late
1122,56.1,1565,1856,49.973613530885814,-58.0,late
1123,56.15,1565,1856,49.973613530885814,-58.0,late
1124,56.2,1565,1856,49.973613530885814,-58.0,late
1125,56.25,1565,1856,49.973613530885814,-58.0,late
1126,56.3,1565,1856,49.973613530885814,-58.0,late
1127,56.35,1565,1856,49.973613530885814,-58.0,late
1128,56.4,1565,1856,49.973613530885814,-58.0,late
1129,56.45,1565,1856,49.973613530885814,-58.0,late
1130,56.5,1565,1856,49.973613530885814,-58.0,late
1131,56.55,1565,1856,49.973613530885814,-58.0,late
1132,56.6,1565,1856,49.973613530885814,-58.0,late
1133,56.65,1565,1856,49.973613530885814,-58.0,late
1134,56.7,1565,1856,49.973613530885814,-58.0,late
1135,56.75,1565,1856,49.973613530885814,-58.0,late
1136,56.8,1565,1856,49.973613530885814,-58.0,late
1137,56.85,1565,1856,49.973613530885814,-58.0,late
1138,56.9,1565,1856,49.973613530885814,-58.0,late
1139,56.95,1565,1856,49.973613530885814,-58.0,late
1140,57.0,1565,1856,49.973613530885814,-58.0,late
1141,57.05,1565,1856,49.973613530885814,-58.0,late
1142,57.1,1565,1856,49.973613530885814,-58.0,late
1143,57.15,1565,1856,49.973613530885814,-58.0,late
1144,57.2,1565,1856,49.973613530885814,-58.0,late
1145,57.25,1565,1856,49.973613530885814,-58.0,late
1146,57.3,1565,1856,49.973613530885814,-58.0,late
1147,57.35,1565,1856,49.973613530885814,-58.0,late
1148,57.4,1565,1856,49.973613530885814,-58.0,late
1149,57.45,1565,1856,49.973613530885814,-58.0,late
1150,57.5,1565,1856,49.973613530885814,-58.0,late
1151,57.55,1565,1856,49.973613530885814,-58.0,late
1152,57.6,1565,1856,49.973613530885814,-58.0,late
1153,57.65,1565,1856,49.973613530885814,-58.0,late
1154,57.7,1565,1856,49.973613530885814,-58.0,late
1155,57.75,1565,1856,49.973613530885814,-58.0,late
1156,57.8,1565,1856,49.973613530885814,-58.0,late
1157,57.85,1565,1856,49.973613530885814,-58.0,late
1158,57.9,1565,1856,49.973613530885814,-58.0,late
1159,57.95,1565,1856,49.973613530885814,-58.0,late
1160,58.0,1565,1856,49.973613530885814,-58.0,late
1161,58.05,1565,1856,49.973613530885814,-58.0,late
1162,58.1,1565,1856,49.973613530885814,-58.0,late
1163,58.15,1565,1856,49.973613530885814,-58.0,late
1164,58.2,1565,1856,49.973613530885814,-58.0,late
1165,58.25,1565,1856,49.973613530885814,-58.0,late
1166,58.3,1565,1856,49.973613530885814,-58.0,late
1167,58.35,1565,1856,49.973613530885814,-58.0,late
1168,58.4,1565,1856,49.973613530885814,-58.0,late
1169,58.45,1565,1856,49.973613530885814,-58.0,late
1170,58.5,1565,1856,49.973613530885814,-58.0,late
1171,58.55,1565,1856,49.973613530885814,-58.0,late
1172,58.6,1565,1856,49.973613530885814,-58.0,late
1173,58.65,1565,1856,49.973613530885814,-58.0,late
1174,58.7,1565,1856,49.973613530885814,-58.0,late
1175,58.75,1565,1856,49.973613530885814,-58.0,late
1176,58.8,1565,1856,49.973613530885814,-58.0,late
1177,58.85,1565,1856,49.973613530885814,-58.0,late
1178,58.9,1565,1856,49.973613530885814,-58.0,late
1179,58.95,1565,1856,49.973613530885814,-58.0,late
1180,59.0,1565,1856,49.973613530885814,-58.0,late
1181,59.05,1565,1856,49.973613530885814,-58.0,late
1182,59.1,1565,1856,49.973613530885814,-58.0,late
1183,59.15,1565,1856,49.973613530885814,-58.0,late
1184,59.2,1565,1856,49.973613530885814,-58.0,late
1185,59.25,1565,1856,49.973613530885814,-58.0,late
1186,59.3,1565,1856,49.973613530885814,-58.0,late
1187,59.35,1565,1856,49.973613530885814,-58.0,late
1188,59.4,1565,1856,49.973613530885814,-58.0,late
1189,59.45,1565,1856,49.973613530885814,-58.0,late
1190,59.5,1565,1856,49.973613530885814,-58.0,late
1191,59.55,1565,1856,49.973613530885814,-58.0,late
1192,59.6,1565,1856,49.973613530885814,-58.0,late
1193,59.65,1565,1856,49.973613530885814,-58.0,late
1194,59.7,1565,1856,49.973613530885814,-58.0,late
1195,59.75,1565,1856,49.973613530885814,-58.0,late
1196,59.8,1565,1856,49.973613530885814,-58.0,late
1197,59.85,1565,1856,49.973613530885814,-58.0,late
1198,59.9,1565,1856,49.973613530885814,-58.0,late
1199,59.95,1565,1856,49.973613530885814,-58.0,late
