stage,sxs_id,lev,horizon,field,target_offset_M,target_time_M,actual_time_M,time_mismatch_M,n_surface_points,Mch,gradient_q95,gradient_median,gradient_max,active_points,largest_component_points,largest_component_fraction_of_active,shuffle_p,null_component_fraction_median,null_component_fraction_q95,centroid_x,centroid_y,centroid_z,candidate_snapshot
BH-HF1,SXS:BBH:0305,6,C,Rstar,0.0,3685.496267868691,3685.496267868691,0.0,1922,0.8867901968132439,3.0360228484117586,1.4782513570760814,4.1292666196629515,97,63,0.6494845360824743,0.005,0.4329896907216495,0.5154639175257731,0.9504873590169368,-0.3107632223236768,-1.1603633564178399e-07,True
BH-HF1,SXS:BBH:0305,6,C,Estar,0.0,3685.496267868691,3685.496267868691,0.0,1922,0.8867901968132439,3.897478000983749,1.5997771670284424,4.87933736266349,97,36,0.3711340206185567,0.645,0.3917525773195876,0.4958762886597938,0.9366144913713523,-0.3503616625048599,-1.1634110315522086e-07,False
BH-HF1,SXS:BBH:0305,6,C,Bstar,0.0,3685.496267868691,3685.496267868691,0.0,1922,0.8867901968132439,1.9145248422514174,0.5429100745961345,2.5806343890465113,97,37,0.38144329896907214,0.985,0.4845360824742268,0.5360824742268041,-0.09888486348300853,0.9950988814052306,-7.578288943714417e-08,False
BH-HF1,SXS:BBH:0305,6,C,Rstar,2.0,3687.496267868691,3687.49666934541,0.0004014767187072721,1458,0.9262166286621006,4.969650715487369,1.8463078164100377,7.661569646259823,73,73,1.0,0.005,0.3287671232876712,0.4794520547945205,0.5574531032408625,-0.8301408801510228,-0.010590410247828308,True
BH-HF1,SXS:BBH:0305,6,C,Estar,2.0,3687.496267868691,3687.49666934541,0.0004014767187072721,1458,0.9262166286621006,5.126487863216302,1.6886205276188173,7.684758389695041,73,73,1.0,0.005,0.3287671232876712,0.4808219178082191,0.5538892311935064,-0.8325656099341842,-0.006420648159366749,True
BH-HF1,SXS:BBH:0305,6,C,Bstar,2.0,3687.496267868691,3687.49666934541,0.0004014767187072721,1458,0.9262166286621006,1.0891753346872532,0.35745423733277126,2.170366828725081,73,63,0.863013698630137,0.005,0.5068493150684932,0.5753424657534246,-0.6407380763882321,0.7677595440411678,-7.847837338032421e-08,True
BH-HF1,SXS:BBH:0305,6,C,Rstar,5.0,3690.496267868691,3690.5081238922526,0.011856023561449547,2592,0.9425729533149608,4.424580911364796,1.3145324673634435,6.276516322529501,130,94,0.7230769230769231,0.005,0.3384615384615385,0.4238461538461538,0.9799811989276371,-0.19909005436793165,-3.536444202687947e-07,True
BH-HF1,SXS:BBH:0305,6,C,Estar,5.0,3690.496267868691,3690.5081238922526,0.011856023561449547,2592,0.9425729533149608,4.417844868365759,1.289876749354192,6.143478196273978,130,94,0.7230769230769231,0.005,0.36153846153846153,0.4461538461538462,0.9849193209729324,-0.17301425136128035,-3.369327099769178e-07,True
BH-HF1,SXS:BBH:0305,6,C,Bstar,5.0,3690.496267868691,3690.5081238922526,0.011856023561449547,2592,0.9425729533149608,1.1311583700283863,0.34285800291654334,1.714274464128708,130,88,0.676923076923077,0.005,0.4461538461538462,0.4930769230769231,-0.9976713920323509,0.06820405794485958,2.9261887348769677e-07,True
BH-HF1,SXS:BBH:0305,6,C,Rstar,10.0,3695.496267868691,3695.5139893707683,0.017721502077165496,2048,0.9491578545160774,2.896246208198055,1.0672866451515741,3.5193991586955082,103,33,0.32038834951456313,0.965,0.4368932038834951,0.5048543689320388,0.17419200680942112,0.8819814975828365,0.4379107017249561,False
BH-HF1,SXS:BBH:0305,6,C,Estar,10.0,3695.496267868691,3695.5139893707683,0.017721502077165496,2048,0.9491578545160774,2.8873514485721445,1.0632652276358487,3.5211741518785002,103,33,0.32038834951456313,0.965,0.44660194174757284,0.5048543689320388,0.1741913304817004,0.8819813892056595,-0.4379111890325138,False
BH-HF1,SXS:BBH:0305,6,C,Bstar,10.0,3695.496267868691,3695.5139893707683,0.017721502077165496,2048,0.9491578545160774,1.0722610070925376,0.307470773693041,1.4585746865498415,103,53,0.5145631067961165,0.185,0.47572815533980584,0.5349514563106795,-0.15633164425495297,-0.9877041515959895,0.000962249754069873,False
BH-HF1,SXS:BBH:0305,6,C,Rstar,20.0,3705.496267868691,3705.467495077555,0.028772791135907028,1568,0.9515705109832105,1.9560158399138605,0.9661687800964232,2.2565197942067887,79,25,0.31645569620253167,0.99,0.4936708860759494,0.5569620253164557,-0.24455202255004926,-0.8187692407178442,-0.5194335748880746,False
BH-HF1,SXS:BBH:0305,6,C,Estar,20.0,3705.496267868691,3705.467495077555,0.028772791135907028,1568,0.9515705109832105,1.9595966080144738,0.9660604794364858,2.261975941088054,79,25,0.31645569620253167,0.99,0.4936708860759494,0.569620253164557,-0.24455202255004926,-0.8187692407178442,-0.5194335748880746,False
BH-HF1,SXS:BBH:0305,6,C,Bstar,20.0,3705.496267868691,3705.467495077555,0.028772791135907028,1568,0.9515705109832105,0.9369388735841065,0.24692238587041637,1.1101611554452233,79,41,0.5189873417721519,0.335,0.4936708860759494,0.5569620253164557,-0.230620871727385,-0.9730342825429181,-0.004277676926774687,False
BH-HF1,SXS:BBH:0305,6,C,Rstar,50.0,3735.496267868691,3735.469881399577,0.026386469114186184,968,0.9520301476451206,1.7860026554393538,0.8568780777484393,1.8251356121701372,49,14,0.2857142857142857,0.995,0.5306122448979592,0.6326530612244898,0.757157731791976,-0.017535499751155533,-0.6529966886869393,False
BH-HF1,SXS:BBH:0305,6,C,Estar,50.0,3735.496267868691,3735.469881399577,0.026386469114186184,968,0.9520301476451206,1.7858671416239327,0.8568022087563241,1.8251773861644738,49,13,0.2653061224489796,1.0,0.5306122448979592,0.6122448979591837,0.7643114508552398,0.036901260314888135,0.6437905739281458,False
BH-HF1,SXS:BBH:0305,6,C,Bstar,50.0,3735.496267868691,3735.469881399577,0.026386469114186184,968,0.9520301476451206,0.8953846420335683,0.22363900165524978,0.9028339056430248,49,28,0.5714285714285714,0.25,0.5306122448979592,0.6122448979591837,0.9928502634975575,0.1193664704714784,1.1217153326147893e-07,False
